1,./aligned-images/kjh/2018-08-25-172906.png
1,./aligned-images/kjh/2018-08-25-172920.png
1,./aligned-images/kjh/2018-08-25-172914.png
1,./aligned-images/kjh/2018-08-25-172927.png
1,./aligned-images/kjh/2018-08-25-172848.png
1,./aligned-images/kjh/2018-08-25-172829.png
1,./aligned-images/kjh/2018-08-25-172816.png
1,./aligned-images/kjh/01.png
1,./aligned-images/kjh/2018-08-25-172859.png
2,./aligned-images/test/kjh.png
2,./aligned-images/test/hys.png
3,./aligned-images/hys/02.png
3,./aligned-images/hys/07.png
3,./aligned-images/hys/03.png
3,./aligned-images/hys/10.png
3,./aligned-images/hys/05.png
3,./aligned-images/hys/09.png
3,./aligned-images/hys/01.png
3,./aligned-images/hys/04.png
